SMU_V,Vpv,Ipv
6.0,0.624137539,0.03
6.1,0.624176042,0.029
6.199999999999999,0.624198028,0.029
